id,caption,schema,taxNumber,innCode,russian_alias_1,russian_alias_2,russian_alias_3,russian_alias_4,russian_alias_5,russian_alias_6,russian_alias_7,russian_alias_8,russian_alias_9,russian_alias_10,russian_alias_11,russian_alias_12,russian_alias_13,russian_alias_14,russian_alias_15,russian_alias_16,russian_alias_17,russian_alias_18,russian_alias_19,russian_alias_20,russian_alias_21,russian_alias_22,russian_alias_23,russian_alias_24
NK-jCBHogZtpVVPHwmQRVADPp,Ministry of Defence of the Russian Federation,Company,,7704252261,министерство обороны российской федарации,минобороны россии,министерство обороны рф,министерство обороны,министерство обороны россйской федерации,министерство обороны россиийской федерации,правительство российской федерации,мнистерство обороны россии,министерсто обороны российской федерации,министерство обороны российской федераций,министерсво обороны российской федерации,государственное предприятие министерство обороны рф,орган государственной власти,министерства обороны российской федерации,министерство обороныроссийской федерации,в лице министерства обороны российской федерации,министерство обороны российской федерации or минобороны россии,министерство обороны российской федерации,министерство обороны россии,министерство оброны российской федерации,минестерство обороны российской федерации,вооружённые силы российской федерации,"российская федерация, министрерство обороны российской федерации",министерство обороны российский федерации
NK-cS4PYWrNuW9AF7XNCpL9oS,Almaz-Antey,Company,7731084175,7731084175,"концерн вко ""алмаз-антей",концерн вко 'алмаз — антей',акционерно дружество „концерн за въздушно-космическа отбрана „алмаз – антей“,акционерное общество ‘концерн воздушно-космической обороны “алмаз — антей”’,акционерное общество концерн воздушно-космической обороны алмаз-антей,ао концерн вко алмаз-антей,"открытое акционерное общество ""концерн пво ""алмаз-антей""",концерн вко ‘алмаз — антей’,концерн вко алмаз-антей,"акционерное общество ""концерн воздушно-космической обороны ""алмаз-антей""",акционерное общество «концерн воздушно-космической обороны «алмаз - антей»,открытое акционерное общество «концерн пво «алмаз-антей»,концерн вко “алмаз — антей”,"акционерное общество ""концерн вко ""алмаз-антей""","акционерное общество ""концерн воздушно-космической обороны ‘алмаз-антей""","акционерное общество ""концерн воздушно-космической обороны ""алмаз - антей""",,,,,,,,
NK-Lo792uCtLEdzF69y3Bs87v,JSC Kizlyar Electromechanical Plant,Company,547003781,547003781,"открытое акционерное общество концерн ""кизлярский электромеханический завод""",ао «концерн кэмз»,ао “концeрн кизлярский электромеханический завод”,"открытое акционерное общество "" концерн кизлярский электромеханический завод""","открытое акционерное общество концерн ""кэмз""","ао ""концeрн кизлярский электромеханический завод""",ао “концерн кэмз”,"открытое акционерное общество "" кизлярский электромеханический завод ""","открытое акционерное общество ""кизлярский электромеханический завод""",открытое акционерное общество концерн кизлярский электромеханический завод,ао «концeрн кизлярский электромеханический завод»,"открытое акционерное общество ""концерн кизлярский электромеханический завод""","ао ""концерн кэмз""",,,,,,,,,,,
NK-b3fcbf4CHMfChZi52uVcjS,Vnesheconombank,Company,7750004150,7750004150,вэб.рф,"государственная корпорация ""банк развития и внешэкономической деятельности ""внешэкономбанк)""",государственная корпорация развития вэб.рф,вэб; vnesheconombank,"государственная корпорация развития ""вэб.рф""","государственная корпорация ""банк развития и внешнеэкономической деятельности (внешэкономбанк)""","государственная корпорация ""банк развития и внешне экономической деятельности (внешэкономбанк)""",государственная корпорация «банк развития и внешнеэкономической деятельности «внешэкономбанк»,"государственная корпорация ""банк развития и внешне экономической деятельности ""внешэкономбанк)""","государственная корпорация ""банк развития и внешнеэкономической деятельности ""внешэкономбанк""",государственная корпорация «банк развития и внешнеэкономической деятельности»,,,,,,,,,,,,,
NK-avobHk9W2CmG5zMDQFw2wD,Russian Federal Nuclear Center - Zababakhin All-Russia Research Institute of Technical Physics,Company,7423000572,7722026032,рфяц – всероссийский научно-исследовательский институт технической физики им. забабахина,федеральное государственное унитарное предприятие “рфяц – всероссийский научно-исследовательский институт технической физики имени академика е.и. забабахина”,всероссийский научно-исследовательский институт технической физики,"федеральное государственное унитарное предприятие ""российский федеральный ядерный центр - всероссийский научно-исследовательский институт технической физики имени академика е.и.забабахина""","федеральное государственное унитарное предприятие ""российский федеральный ядерный центр - всероссийский научно-исследовательский институт технической физики имени академика е.и. забабахина""","федеральное государственное унитарное предприятие ""российский федеральный ядерный центр – всероссийский научно-исследовательский институт технической физики имени академика е.и.забабахина""",федеральное государственное унитарное предприятие “рфяц — всероссийский научно- исследовательский институт технической физики имени академика е.и. забабахина”,федеральное государственное унитарное предприятие «российский федеральный ядерный центр – всероссийский научно-исследовательский институт технической физики имени академика е.и. забабахина (фгуп «рфяц – вниитф им. академ. е.и. забабахина»),федеральное государственное унитарное предприятие российский федеральный ядерный центр - всероссийский научно-исследовательский институт технической физики имени академика е.и. забабахина,федеральное государственное унитарное предприятие “рфяц – всероссийский научно- исследовательский институт технической физики имени академика е.и. забабахина”,рфяц — всероссийский научно-исследовательский институт технической физики им. забабахина,,,,,,,,,,,,,
NK-NUT7GH28cCa4fRRX8ttuya,Chelyabinsk Tractor Plant,Company,7452027843,7452046148,челябинский тракторный завод,"общество с ограниченной ответственностью ""челябинский тракторный завод -уралтрак""",общество с ограниченной ответственностью «челябинский тракторный завод - уралтрак»,"общество с ограниченной ответственностью ""челябинский тракторный завод-уралтрак""","челябинский тракторный завод - ""уралтрак""","общество с ограниченной ответственностью челябинский тракторный завод ""уралтрак""","общество с ограниченной ответственностью ""челябинский тракторный завод- уралтрак""","общество с ограниченной ответственностью ""челябинский тракторный завод - уралтрак""",челябинский тракторный завод -уралтрак,"общество с ограниченной ответственностью "" челябинский тракторный завод- уралтрак""",,,,,,,,,,,,,,
NK-4kjNvtuZ6xAQrJjbzpnV8M,Joint Stock Company Concern Granit-Electron,Company,7842335610,7842335610,ао “концерн ‘гранит-электрон’”,"акционерное общество ""концерн""гранит-электрон""",ао концерн «гранит-электрон»,ао “концерн ‘гранит- электрон’”,"открытое акционерное общество ""концерн ""гранит-электрон""",акционерное общество “концерн ‘гранит-электрон’”,гранит-электрон,концерн «гранит-электрон»,акционерное общество “концерн ‘гранит- электрон’”,"акционерное общество ""концерн ""гранит-электрон""",,,,,,,,,,,,,,
NK-UVxknVrJ49M8eU62FcYBH3,Kaluga-based Instrument-Making Plant Typhoon JSC,Company,4026005699,4026005699,"открытое акционерное общество ""научно-производственное предприятие калужский приборостроительный завод ""тайфун""","акционерное общество ""научнопроизводственное предприятие ""калужский приборостроительный завод ""тайфун""",ао «тайфун»,"акционерное общество ""научно-производственное предприятие ""калужский приборостроительный завод ""тайфун""",ао “тайфун”,акционерное общество научно-производственное предприятие ‘калужский приборостроительны й завод “тайфун”’,"открытое акционерное общество ""научно-производственное предприятие ""калужский приборостроительный завод ""тайфун""",акционерное общество «научно-производственное предприятие «калужский приборостроительный завод «тайфун»,"акционерное общество научно-производственное предприятие 'калужский приборостроительный завод ""тайфун""'",,,,,,,,,,,,,,,
NK-bJThAbso99PAbqDzL62S5J,"PJSC ""Motovilikhinskiye Zavody""",Company,,5906009273,"публичное акционерного общество специального машиностроения и металлургии “мотовилихинские заводы"" пао “мотовилихинские заводы”","открытое акционерное общество ""мотовилихинские заводы""","открытое акционерное общество специального машиностроения и металлургии ""мотовилихинские заводы""",публичное акционерное общество специального машиностроения и металлургии «мотовилихинские заводы»,"пао “мотовилихинские заводы""","публичное акционерное общество специального машиностроения и металлургии ""мотовилихинские заводы""","открытое акционерное общество ""мотовилихинское заводы""",публичное акционерного общество специального машиностроения и металлургии ‘мотовилихинские заводы',пао ‘мотовилихинские заводы’,публичное акционерного общество специального машиностроения и металлургии “мотовилихинские заводы”,,,,,,,,,,,,,,
NK-YQnukRPtyGQwA8pCr7kPWD,JOINT STOCK COMPANY DUBNENSKY MACHINE BUILDING PLANT NAMED AFTER NP FEDOROV,Company,5010030050,5010030050,"акционерное общество ""дубненский машиностроительный завод"" имени н.п.федорова""","открытое акционерное общество ""дубненский машиностроительный завод"" имени н.п.федорова""","открытое акционерное общество ""дубненский машиностроительный завод им. н.п. федорова""","акционерное общество ""дубненский машиностроительный завод"" имени н.п. фёдорова""","акционерное общество ""дубненский машиностроительный завод"" имени н.п.фёдорова""",дубненский машиностроительный завод,"акционерное общество ""дубненский машиностроительный завод"" имени н.п. федорова""",акционерное общество “дубненский машиностроительный завод” имени н.п.фёдорова,,,,,,,,,,,,,,,,
NK-9uZTkmiQgD83dpq6pKAFKo,Joint Stock Company Izhevsk Electromechanical Plant Kupol,Company,1831083343,1831083343,"открытое акционерное общество ""ижевский электромеханический завод ""купол""",акционерное общество «ижевский электромеханический завод «купол»,купол (ижевский электромеханический завод 'купол'),акционерное общество ижевский электромеханический завод купол,ижевский электромеханическ ий завод ‘купол’,ао иэмз купол,ижевский электромеханический завод “купол”,"акционерное общество ""ижевский электромеханический завод ""купол""",,,,,,,,,,,,,,,,
NK-jfrH4ETpD8SHfMk6KQqKjD,Joint Stock Company North Western Regional Center of Almaz Antey Concern Obukhovsky Plant,Company,7811144648,7811144648,ао “северо-западный региональный центр концерна вко ‘алмаз- антей’- обуховский завод”,ао “северо-западный региональный центр концерна вко ‘алмаз-антей’- обуховский завод”,акционерное общество «северо-западный региональный центр концерна вко «алмаз -антей» - обуховский завод»,ао “обуховский завод”,"акционерное общество ""северо-западный региональный центр концерна вко ""алмаз-антей"" - обуховский завод""",акционерное общество «северо-западный региональный центр концерна вко «алмаз-антей» - «обуховский завод»,"акционерное общество ""северо-западный региональный центр концерна вко ""алмаз-антей""- обуховский завод""",аo “северо-западный региональный центр концерна вко “алмаз- антей”- обуховский завод”,,,,,,,,,,,,,,,,
NK-MawpPjvNoBqwa8ts2wxBHv,JSC Zelenodolsk Shipyard,Company,1648013442,1648013442,ао “зеленодольский завод имени а. м. горького”,оао зеленодольский завод им. а.м. горького,"открытое акционерное общество ""зеленодольский завод имени ""а.м. горького""",ао зеленодольский завод имени а.м. горького,акционерное общество «зеленодольский завод имени а.м. горького»,ao зеленодольский завод имени а. м. горького,"акционерное общество ""зеленодольский завод имени а.м. горького""",открытое акционерное общество зеленодольский завод имени а.м. горького,,,,,,,,,,,,,,,,
NK-FkJ4b6ZSNNRRTHqf5Pduxp,Yantar Shipyard,Company,3900000111,3900000111,"акционерное общество ""прибалтийский судостроительный завод ""янтарь""","открытое акционерное общество ""прибалтийский судостроительный завод""","открытое акционерное общество ""прибалтийский судостроительный завод ""янтарь""",акционерное общество «прибалтийский судостроительный завод «янтарь»,"открытое акционерное ""прибалтийский судостроительный завод ""янтарь""",прибалтийский судостроительный завод “янтарь”,ао прибалтийский судостроительный завод янтарь,,,,,,,,,,,,,,,,,
NK-j3dcAoWzeEq8vwoe4qqdhA,Joint Stock Company “Central Research Institute of Materials Named After D.I. Mendeleev”,Company,,7842436263,"акционерное общество ""центральный научно-исследовательский институт материалов имени д.и.менделеева""",акционерное общество “центральный научно-исследовательский институт материалов имени д.и. менделеева”,акционерное общество “центральный научно- исследовательский институт материалов имени д.и. менделеева”,акционерное общество “центральный научно- исследовательский институт материалов”,центральный научно-исследовательский институт материалов,"акционерное общество ""центральный научно- исследовательский институт материалов""","акционерное общество ""центральный научно-исследовательский институт материалов""",акционерное общество “центральный научно-исследовательский институт материалов”,,,,,,,,,,,,,,,,
NK-84yK552zPPXpEoHME5heqk,JOINT STOCK COMPANY FEDERAL SCIENTIFIC AND PRODUCTION CENTER TITAN BARRIKADY,Company,3442110950,3442110943,ао федеральный научно- производственный центр “титан-баррикады”,"акционерное общество ""федеральный научно-производственный центр ""титан-баррикады""","открытое акционерное общество ""центральное конструкторское бюро ""титан""","акционерное общество ""федеральный научнопроизводственный центр ""титанбаррикады""",ао «федеральный научно-производственный центр «титан-баррикады»,ао федеральный научно-производственный центр титан-баррикады,ао федеральный научно- производственный центр «титан- баррикады»,,,,,,,,,,,,,,,,,
NK-apNQLgCvRDGuSKeWnYeajX,AO Ural Civil Aviation Factory,Company,6664013640,6664013640,"акционерное общество ""уральский завод гражданской авиации""","открытое акционерное общество""уральский завод гражданской авиации""","открытое акционерное общество ""уральский завод гражданской авиации""","ао ""уральский завод гражданской авиации""",акционерное общество «уральский завод гражданской авиации»,ао “уральский завод гражданской авиации”,оао уральский завод гражданской,,,,,,,,,,,,,,,,,
NK-7pySNmfKyqEL6Ksa74ynsf,Joint Stock Company Corporation Moscow Institute of Heat Technology,Company,7715842760,7715842760,московский институт теплотехники,акционерное общество “корпорация ‘московский институт теплотехники’”,акционерное общество корпорация московский институт теплотехники,акционерное общество “корпорация ‘московский институт теплотехники’” московский институт теплотехники,корпорация московский институт теплотехники,акционерное общество «корпорация «московский институт теплотехники»,"акционерное общество ""корпорация ""московский институт теплотехники""",,,,,,,,,,,,,,,,,
NK-f4LD8M3qWhKEV4jbGT4hMa,"Société publique par actions ""Usine de Krasnogorsk du nom de S.A. Zvereva""",Company,,5024022965,"открытое акционерное общество ""красногорский завод им. с.а.зверева","акционерное общество ""красногорский завод. зенит-техсервис""","открытое акционерное общество ""красногорский завод им.с.а зверева""","публичное акционерное общество ""красногорский завод им. с. а. зверева""",пао красногорский завод им. с.а. зверева,"открытое акционерное общество ""красногорский завод имени с.а.зверева""","публичное акционерное общество ""красногорский завод им. с.а. зверева""","открытое акционерное общество ""красногорский завод им с.а.зверева""",,,,,,,,,,,,,,,,
NK-ew7bLkJHRUMA9EHKTH6m4r,Tula Arms Plant,Company,7107003303,7107003303,"открытое акционерное общество ""тульский оружейный завод""",императорский тульский оружейный завод,тульский оружейный завод,публичное акционерное общество «императорский тульский оружейный завод»,"публичное акционерное общество ""императорский тульский оружейный завод""","открытое акционерное общество ""тульский оружейный завод","публичное акционерное общество ""тульский оружейный завод""",,,,,,,,,,,,,,,,,
NK-7kyY9QMMGmLek7Y6PPudHx,JSC V. Tikhomirov Scientific Research Institute of Instrument Design,Company,5013045054,5013045054,ао “научно- исследовательский институт приборостроения имени в.в. тихомирова”,"открытое акционерное общество ""научно-исследовательский институт приборостроения имени в.в. тихомирова""",научно-исследовательский институт приборостроения имени в.в. тихомирова,ао “научно- исследовательский институт приборостроения имени в.в. тихомирова,акционерное общество «научно-исследовательский институт приборостроения имени в.в. тихомирова»,ао “научно-исследовательский институт приборостроения имени в.в. тихомирова”,"акционерное общество ""научно-исследовательский институт приборостроения имени в.в. тихомирова""",,,,,,,,,,,,,,,,,
NK-UJxUc8FhY9AUdCwfMam7hT,JSC “MOSCOW RESEARCH INSTITUTE ‘AGAT’”,Company,5013044999,5013044999,"акционерное общество ""московский научно-исследовательский институт ""агат""",московский научно-исследовательский институт агат or оао мнии агат,ао “московский научно- исследовательский институт ‘агат’”,"открытое акционерное общество ""московский научно-исследовательский институт ""агат""",а о “московский научно- исследовательский институт ‘агат’”,ао “московский научно-исследовательский институт ‘агат’”,акционерное общество «московский научно-исследовательский институт «агат»,,,,,,,,,,,,,,,,,
NK-beX5kfevrqTeqgChirqc2k,Open Joint Stock Company Degtyaryov Plant,Company,3305004083,3305004083,"открытое акционерное общество ""завод имени в.а. дегтярева""","открытое акционерное общество ""завод имени в.а.дегтярева""","открытое акционерное общество ""завод им.в.а.дегтярева""","открытое акционерное общество ""завод им. в.а. дегтярева""","открытое акционерное общество ""завод им. в.а.дегтярева""","открытое акционерное общество ""завод им. дегтярева""",открытое акционерное общество ''завод им. в. а. дегтярёва'',,,,,,,,,,,,,,,,,
NK-5PcTeznFyxUb6PMta3H42r,Krylov State Scientific Center Federal State Unitary Enterprise,Company,7810213747,7810213747,цнии им. академика а.н.крылова,"федеральное государственное унитарное предприятие ""центральный научно-исследовательский институт имени академика а.н.крылова""",крыловский государственный научный центр,"федеральное государственное унитарное предприятие ""крыловский государственный научный центр""","федеральное государственное унитарное предприятие ""центральный научно-исследовательский институт имени академика а.н. крылова""",федеральное государственное унитарное предприятие «крыловский государственный научный центр»,государственный научно-исследовательский центр им.,,,,,,,,,,,,,,,,,
NK-ENxMCisBoCoU6hdLfg2y6H,A.E. Nudelman Precision Engineering Design Bureau Joint Stock Company,Company,7728789425,7728789425,ао конструкторское бюро точного машиностроения им. а. э. нудельмана (кб точмаш)],ао конструкторское бюро точного машиностроения им. а. э. нудельмана,ао конструкторское бюро точного машиностроения им. а. э. нудельмана (кб точмаш),"акционерное общество ""конструкторское бюро точного машиностроения им. а.э. нудельмана""",акционерное oбщество конструкторское бюро точного машиностроения имени а.э. нудельмана,"акционерное общество ""конструкторское бюро точного машиностроения имени а.э. нудельмана""",,,,,,,,,,,,,,,,,,
NK-T7imPMzHCj8JtX92Pc7jcA,Ulyanovsk Mechanical Plant,Company,7303026762,7303026762,ао “ульяновский механический завод”,открытое акционерное общество “ульяновский механический завод”,акционерное общество «ульяновский механический завод»,"открытое акционерное общество ""ульяновский механический завод""",ульяновский механический завод,"акционерное общество ""ульяновский механический завод""",,,,,,,,,,,,,,,,,,
NK-UDfrok9EBosKxQtFq9bwPk,Public Joint Stock Company Vympel Interstate Corporation,Company,7714041693,7714041693,"открытое акционерное общество ""межгосударственная акционерная корпорация ""вымпел""",публичное акционерное общество «межгосударственная акционерная корпорация «вымпел»,"публичное акционерное общество ""межгосударственная акционерная корпорация ""вымпел""",публичное акционерное общество «межгосударственная акционерное корпорация «вымпел»,открытое акционерное общество межгосударственная акционерная корпорация вымпел,"открытое акционерное общество межгосударственная акционерная корпорация ""вымпел""",,,,,,,,,,,,,,,,,,
NK-WmPwTyvMsgzeazp4iHG6Rw,Federal State Enterprise Perm Powder Plant,Company,5908006119,5908006119,"федеральное казенное предприятие ""пермский пороховой завод""",федеральное казенное предприятие пермский пороховой завод,федеральное казенное предприятие (фкп) пермский пороховой завод,"федеральное государственное унитарное предприятие ""пермский завод им.с.м.кирова""",федеральное казенное предприятие “пермский пороховой завод”,"федеральное государственное унитарное предприятие ""пермский завод имени с. м. кирова""",,,,,,,,,,,,,,,,,,
NK-CGtYDTj6fyNAaYkpCpCD4o,"Zavod ,Zvezda’",Company,7728171283,6913001213,"завод ‘звезда'-филиал федерального государственного унитарного предприятия ""научно- производственный центр автоматики и приборостроения имени академика н.а.пилюгина",“завод ‘звезда’-филиал федерального государственного унитарного предприятия ‘научно- производственный центр автоматики и приборостроения имени академика н.а.пилюгина’”,“завод ‘звезда’-филиал федерального государственного унитарного предприятия ‘научно-производственный центр автоматики и приборостроения имени академика н.а.пилюгина’”,"федеральное государственное унитарное предпритие ""научно-производственный центр автоматики и приборостроения имени академика н.а.пилюгина""","федеральное государственное унитарное предприятие ""научно-производственный центр автоматики и приборостроения имени академика н.а.пилюгина""","федеральное государственное унитарное предприятие ""научно-производственный центр автоматики и приборостроения им. академика н.а.пилюгина""",,,,,,,,,,,,,,,,,,
NK-WwpxW6nM8KszdkACf9jN6o,"RESEARCH DESIGN BYURO ""NOVATOR""",Company,,6673092045,акционерное общество опытное конструкторское бюро новатор,новатор (опытное-конструкторское бюро 'новатор'),акционерное общество «опытное конструкторское бюро «новатор»,опытное- конструкторское бюро ‘новатор’,"акционерное общество ""опытное конструкторское бюро ""новатор""","открытое акционерное общество ""опытное конструкторское бюро ""новатор""",опытное-конструкторское бюро “новатор”,,,,,,,,,,,,,,,,,
NK-W8Gh76HZRsHiVQXcJtngtW,Aktsionernoe Obshchestvo Petrovskii Elektromekhanicheskii Zavod Molot,Company,6444009038,6444009038,"акционерное общество ""петровский электромеханический завод ""молот"" and пэмз ""молот""",ао “петровский электромеханическ ий завод ‘молот’”,"акционерное общество ""петровский электромеханический завод ""молот""",ао “пэмз ‘молот’”,акционерное общество “петровский электромеханический завод ‘молот’”,ао “петровский электромеханический завод ‘молот’”,,,,,,,,,,,,,,,,,,
NK-PmTZE6RZeUgwUqjsE3i53n,JSC STC Promtekhaero,Company,7709827690,7709827690,"акционерное общество ""научно-технический центр промышленных технологий и аэронавигационных систем""",ао “нтц промтехаэро”,"ао ""нтц промтехаэро""",акционерное общество “научно-технический центр промышленных технологий и аэронавигационных систем”,акционерное общество «научно-технический центр промышленных технологий и аэронавигационных систем»,"акционерное общество ""научно - технический центр промышленных технологий и аэронавигационных систем""",,,,,,,,,,,,,,,,,,
NK-bMEwpp33FmY8jQKWQJfWne,Open Joint Stock Company Mariyskiy Machine-Building Plant,Company,1200001885,1200001885,открытое акционерное общество марийский машиностроительный завод,"акционерное общество ""марийский машиностроительный завод""",открытое акционерное общество “марийский машиностроительный завод”,акционерное общество «марийский машиностроительный завод»,открытое акционерное общество «марийский машиностроительный завод»,"открытое акционерное общество ""марийский машиностроительный завод""",,,,,,,,,,,,,,,,,,
NK-nzJ9VNoqPTBB9yaYb4YL93,JSC Kazan Experimental Design Bureau Soyuz,Company,1661008339,1661008339,открытое акционерное общество “казанское опытное конструкторское бюро ‘союз’”,открытое акционерное общество “казанское опытное конструкторское бюро “союз”,"акционерное общество ""казанское опытное конструкторское бюро ""союз""",открытое акционерное общество «казанское опытное конструкторское бюро «союз»,"оао ""казанское опытное конструкторское бюро ""союз""",акционерное общество «казанское опытное конструкторское бюро «союз»,,,,,,,,,,,,,,,,,,
NK-gTcJiynQi2UkbRQsDJ8NiF,Khrunichev State Research and Production Space Center,Company,,7730239877,ао “государственный космический научно- производственный центр имени м.в. хруничева”,государственный космический научно-производственный центр имени хруничева,"акционерное общество ""государственный космический научно-производственный центр имени м.в.хруничева""",ао «государственный космический научно-производственный центр имени м.в. хруничева»,космический центр имени хруничева,"акционерное общество ""государственный космический научно-производственный центр имени м.в. хруничева""",государственный космический научно- производственный центр имени хруничева,,,,,,,,,,,,,,,,,
NK-CcNpyR9knEtxZ9LNx9S5Tx,Far Eastern Bank,Company,2540016961,2540016961,"акционерное общество ""дальневосточный банк""","публичное акционерное общество ""дальневосточный банк""",ао ‘дальневосточный банк’,дальневосточный банк,"оао ""дальневосточный банк""",ао «дальневосточный банк»,,,,,,,,,,,,,,,,,,
NK-LhzTPK5AWaSeCdw4cDgKs9,JSC KAZAN HELICOPTER PLANT,Company,1656002652,1656002652,"оао ""казанский вертолетный завод""","публичное акционерное общество ""казанский вертолетный завод""","акционерное общество ""казанский вертолетный завод""",ао казанский вертолетный завод,"открытое акционерное общество ""казанский вертолетный завод""",открытое акционерное общество «казанский вертолетный завод»,,,,,,,,,,,,,,,,,,
NK-2DCEAruthso8ASC38S9bpP,Federal State Governmental Institution 27 Central Research Institute of the Ministry of Defense of the Russian Federation,Company,7714676767,7718014718,фгбу «27 цнии» минобороны россии,"федеральное государственное учреждение ""27 центральный научно-исследовательский институт министерства обороны российской федерации""",федеральное государственное бюджетное учреждение «27 центральный научно–исследовательский институт» министерства обороны российской федерации,"федеральное государственное бюджетное учреждение ""27 центральный научно-исследовательский институт"" министерства обороны российской федерации","федеральное государственное казенное учреждение ""27 центральный научно-исследовательский институт"" министерства обороны российской федерации",федеральное государственное бюджетное учреждение «27 центральный научно-исследовательский институт» министерства обороны российской федерации,,,,,,,,,,,,,,,,,,
NK-SY3PwSU7w3kDNRZzbikm5L,Aktsionernoe Obshchestvo Saratovski Radiopribornyi Zavod,Company,6453104288,6453044367,ao “саратовский радиоприборный завод”,"открытое акционерное общество ""саратовский радиоприборный завод""",aкционерное oбщество “cаратовский радиоприборный завод”,aкционерное общество “cаратовский радиоприборный завод”,aкционерное oбщество “cаратовский радиоприборный завод,"акционерное общество ""саратовский радиоприборный завод""",,,,,,,,,,,,,,,,,,
NK-gifk8Szy8qbVsYbAB6RTLR,Joint Stock Company Arzamassky Priborostroitelny Zavod Imeni Plandina,Company,5243001742,5243001742,"акционерное общество ""арзамасский приборостроительный завод имени п.и. пландина""","открытое акционерное общество ""арзамасский приборостроительный завод имени п.и.пландина""","открытое акционерное общество ""арзамасский приборостроительный завод""","открытое акционерное общество ""арзамасский приборостроительный завод имени п.и. пландина""",аo арзамасский приборостроительный завод имени п. и. пландина,"акционерное общество ""арзамасский приборостроительный завод имени п.и.пландина""",,,,,,,,,,,,,,,,,,
NK-grxnwLbi4mvsLrg9gJzzjy,Joint Stock Company the 224th Flight Unit State Airlines,Company,7718763393,7718763393,открытое акционерное общество “государственная авиакомпания “224 лётный отряд”“,открытое акционерное общество «государственная авиакомпания «224 летный отряд»,открытое акционерное общество “государственная авиакомпания ‘224 лётный отряд’”,"открытое акционерное общество ""государственная авиакомпания ""224 летный отряд""",оао государственная авиакомпания 224 летный отряд,открытое акционерное общество «государственная авиакомпания „224 лётный отряд“»,,,,,,,,,,,,,,,,,,
NK-cbp4EKkuLWeVawpn8zywtm,JSC Beto,Company,0274068924,0274068924,акционерное общество “бэто”,ао “бэто”,башкирское электронно-телекомму-никационное объединение,"акционерное общество ""бэто""",башкирское электронно- телекомму-никационное объединение,"открытое акционерное общество ""бэто""",,,,,,,,,,,,,,,,,,
NK-b5ULnm29K7BgfFYQ3GAs6L,33rd Scientific Research and Testing Institute,Company,,5042129453,фгбу «33 цниии» минобороны россии,федеральное государственное бюджетное учреждение «33 центральный научно–исследовательский испытательный институт» министерства обороны российской федерации,федеральное государственное бюджетное учреждение «33 центральный научно-исследовательский испытательный институт» министерства обороны российской федерации,"федеральное государственное бюджетное учреждение ""33 центральный научно-исследовательский испытательный институт"" министерства обороны российской федерации","федеральное государственное учреждение ""33 центральный научно-исследовательский испытательный институт министерства обороны российской федерации""","федеральное государственное казенное учреждение ""33 центральный научно-исследовательский испытательный институт"" министерства обороны российской федерации",,,,,,,,,,,,,,,,,,
NK-jPG8tPZDw8M8UAuxVsU6mk,Russian Institute of Radio Navigation and Time,Company,7825507108,7825507108,"акционерное общество ""российский институт радионавигации и времени""","открытое акционерное общество ""российский институт радионавигации и времени""","акционерное общество “российский институт радионавигации и времени""",ао «российский институт радионавигации и времени»,акционерное общество “российский институт радионавигации и времени”,,,,,,,,,,,,,,,,,,,
NK-YJBsqcDu4CjcYC5gKLTJr4,All-Russian Research Institute Of Radio Engineering,Company,7701315700,7701315700,всероссийский нии радиотехники,"открытое акционерное общество ""всероссийский научно-исследовательский институт радиотехники""","акционерное общество ""всероссийский научно-исследовательский институт радиотехники""",открытое акционерное общество “всероссийский научно-исследовательский институт радиотехники”,ао «всероссийский научноисследовательский институт радиотехники»,,,,,,,,,,,,,,,,,,,
NK-DrPgwpnakk52JeAGEhL5Pv,NPK Tekhmash OAO,Company,7743813961,7743813961,холдинговая компания ао “научно-производственный концерн “технологии машиностроения”“,холдинговая компания ао “научно-производственный концерн ‘технологии машиностроения’”,"акционерное общество ""научно-производственный концерн ""технологии машиностроения""","открытое акционерное общество ""научно-производственный концерн ""технологии машиностроения""",холдинговая компания ао “научно-производственный концерн “технологии машиностроения””,,,,,,,,,,,,,,,,,,,
NK-XoW48bstBDh5cyDzwcd6vx,Joint Stock Company “Repair Base for Repair of Aircraft Instruments and Aerodrome Equipment”,Company,5027030107,5027030107,акционерное общество “ремонтная база по ремонту авиационных приборов и аэродромной техники”,"акционерное общество ""ремонтная база по ремонту авиационных приборов и аэродромной техники""","акционерное общество (aо) ""ремонтная база по ремонту авиационных приборов и аэродромной техники""","открытое акционерное общество научно-производственное предприятие ""звезда""","открытое акционерное общество ""научно-производственное предприятие ""звезда""",,,,,,,,,,,,,,,,,,,
NK-CHh3AuriGRpL2SwtwQAd5c,JOINT STOCK COMPANY STATE MACHINE BUILDING DESIGN BUREAU VYMPEL BY NAME I.I. TOROPOV,Company,7733546058,7733020473,"акционерное общество ""государственное машиностроительное конструкторское бюро ""вымпел"" имени и.и. торопова""","ао ""госмкб ""вымпел"" им. и.и. торопова""","открытое акционерное общество ""государственное машиностоительное конструкторское бюро ""вымпел"" имени и.и. торопова","открытое акционерное общество ""государственное машиностроительное конструкторское бюро ""вымпел"" имени и.и. торопова""",ао “гос мкб ‘вымпел’ им. и.и. торопова”,,,,,,,,,,,,,,,,,,,
NK-k4U7iFiMi7vNw98Mmy2k4F,Joint Stock Company Information Satellite Systems Named After Academician M.F. Reshetnev,Company,2452034898,2452034898,акционерное общество «информационные спутниковые системы» имени академика м. ф. решетнёва»,акционерное общество “информационные спутниковые системы” имени академика м.ф. решетнёва,"акционерное общество ""информационные спутниковые системы"" имени академика м.ф. решетнёва""","открытое акционерное общество ""информационные спутниковые системы"" имени академика м.ф. решетнёва""",акционерное общество “информационные спутниковые системы” имени академика м.ф. решетнёва”,,,,,,,,,,,,,,,,,,,
NK-5AtvsmoNzZZS5ukUx93q37,Public Joint Stock Company Amursky Shipbuilding Plant,Company,2703000015,2703000015,"ооо ""амурский судостроительный завод""",пао амурский судостроительный завод,амурский судостроительный завод,"публичное акционерное общество ""амурский судостроительный завод""","открытое акционерное общество ""амурский судостроительный завод""",,,,,,,,,,,,,,,,,,,
NK-nFCyKHqWLhJs4BReT3dQCq,JSC Research and Production Corporation URALVAGONZAVOD,Company,6623029538,6623029538,"открытое акционерное общество ""научно-производственная корпорация ""уралвагонзавод"" им. ф.э. дзержинского""","открытое акционерное общество ""научно- производственная корпорация ""уралвагонзавод"" имени ф.э.дзержинского","открытое акционерное общество ""научно-производственная корпорация ""уралвагонзавод""имени ф.э. дзержинского""","акционерное общество ""научно-производственная корпорация ""уралвагонзавод"" имени ф.э. дзержинского""","открытое акционерное общество ""научно-производственная корпорация ""уралвагонзавод"" им ф.э. дзержинского",,,,,,,,,,,,,,,,,,,
NK-eCLmsLZxNjosknAhXKfaHh,JSC Automobile Plant URAL,Company,7415029289,7415029289,ао автомобильный завод ‘урал’,"открытое акционерное общество ""автомобильный завод ""урал""",ао автомобильный завод 'урал',"акционерное общество ""автомобильный завод ""урал""",ао автомобильный завод “урал”,,,,,,,,,,,,,,,,,,,
NK-Ux5GqNqwrsFwBJjgahQqLh,JSC KOLOMENSKY ZAVOD,Company,5022013517,5022013517,"акционерное общество ""коломенский завод""","открытое акционерное общество холдинговая компания ""коломенский завод""",ao коломенский завод,открытое акционерное общество холдинговая компания коломенский завод,акционерное общество коломенский завод,,,,,,,,,,,,,,,,,,,
NK-harprEgR5ArRSBaw6Xf8aM,JSC NOVOSIBIRSK AIRCRAFT PRODUCTION ASSOCIATION PLANT NAMED AFTER V.P. CHKALOV,Company,5402112867,5402112867,"акционерное общество ""новосибирский авиаремонтный завод""","акционерное общество открытого типа ""новосибирский авиаремонтный завод""",новосибирский авиационный завод имени в. п. чкалова,"открытое акционерное общество ""новосибирский авиаремонтный завод""",ао новосибирский авиаремонтный завод,,,,,,,,,,,,,,,,,,,
NK-CfeSY97F3G3Qwjyti9jbU8,PUBLIC JOINT STOCK COMPANY CHELYABINSK FORGE AND PRESS PLANT,Company,7449006184,7449006184,"открытое акционерное общество ""челябинский кузнечно-прессовый завод""",публичное акционерное общество “челябинский кузнечно-прессовый завод”,"публичное акционерное общество ""челябинский кузнечнопрессовый завод""",челябинский кузнечно-прессовый завод,"публичное акционерное общество ""челябинский кузнечно-прессовый завод""",,,,,,,,,,,,,,,,,,,
NK-oY6TLcp3B3vvdEwZor9Y3E,OJSC Arsenal Machine-Building Plant,Company,7804040302,7804040302,открытое акционерное общество машиностроительный завод арсенал,"открытое акционерное общество ""машиностроительный завод ""арсенал""",открытое акционерное общество «машиностроительный завод «арсенал»,"машиностроительный завод ""арсенал""",оао “машиностроительный завод ‘арсенал’”,,,,,,,,,,,,,,,,,,,
NK-7hmFi4F2C2fVq6wsRUssEC,Joint Stock Company Nizhny Novgorod Plant of the 70th Anniversary of Victory,Company,5259113339,5259008768,"акционерное общество ""нижегородский завод 70-летия победы""",ао ‘нижегородский завод 70- летия победы’,"ао; акционерное общество ""нижегородский завод 70-летия победы""",нз 70-летия победы,нижегородский завод 70-летия победы,,,,,,,,,,,,,,,,,,,
NK-m8TW9o46qYXyEGD6YAd5eW,Novikombank,Company,7706196340,7706196340,акционерный коммерческий банк новикомбанк,"закрытое акционерное общество акционерный коммерческий банк ""новикомбанк""",акционерный коммерческий банк новикомбанк акционерное общество,"акционерный коммерческий банк ""новикомбанк"" акционерное общество","закрытое акционерное общество акционерный коммерческий банк ""новинкомбанк""",,,,,,,,,,,,,,,,,,,
NK-geyVsJ9B6fZiZwNgpg2sZQ,Federal State Enterprise Aleksinsky Chemical Plant,Company,7111003056,7111003056,"государственное производственное объединение ""алексинский химический комбинат""","федеральное государственное унитарное предприятие ""алексинский химический комбинат""","федеральное казенное предприятие ""алексинский химический комбинат""","гпо ""алексинский химический комбинат""",федеральное казенное предприятие “алексинский химический комбинат”,,,,,,,,,,,,,,,,,,,
NK-Za67XG5UqcV2w2wzscF6dE,Sukhoi Aviation JSC,Company,,7714016680,публичное акционерное общество «авиационная холдинговая компания «сухой»,"акционерное общество ""авиационная холдинговая компания ""сухой""",пао компания “сухой”,"публичное акционерное общество ""авиационная холдинговая компания ""сухой""","открытое акционерное общество ""авиационная холдинговая компания ""сухой""",пао компания „сухой“,,,,,,,,,,,,,,,,,,
NK-2RgKvhQa6p7oUeeCT27wAP,JSC GosNIIP,Company,7717693545,7717693545,государственный научно-исследовательский институт приборостроения,"акционерное общество ""государственный научно-исследовательский институт приборостроения""","открытое акционерное общество ""государственный научно-исследовательский институт приборостроения""","акционерное общество ""государственный научноисследовательский институт приборостроения""",акционерное общество “государственный научно- исследовательский институт приборостроения”,,,,,,,,,,,,,,,,,,,
NK-BuMNcSeoZjVBExkEJTkwUx,Public Joint Stock Company Shipbuilding Plant Severnaya Verf,Company,7805034277,7805034277,публичное акционерное общество судостроительный завод «северная верфь»,"публичное акционерное общество судостроительный завод ""северная верфь""","открытое акционерное общество судостроительный завод ""северная верфь""",пао судостроительный завод северная верфь,,,,,,,,,,,,,,,,,,,,
NK-b7Jxzby6zJx9VcqtupVttk,"EGO-HOLDING ('HOLDING COMPANY ""EGO-HOLDING""')",Company,,7804070635,"эго-холдинг(ооо 'холдинговая компания ""эго-холдинг""')","ооо ""эго-холдинг""",ооо ‘“холдинговая компания “эго-холдинг”’,"общество с ограниченной ответственностью ""холдинговая компания ""эго-холдинг""","общество с ограниченной ответственностью "" холдингова компания "" эро-холдинг """,,,,,,,,,,,,,,,,,,,
NK-8AUsKu2ZR5vmox7UUNQU2R,JSC MZIK,Company,6663003800,6663003800,публичное акционерное общество «машиностроительный завод имени м.и.калинина,"публичное акционерное общество ""машиностроительный завод имени м.и.калинина, г.екатеринбург""","публичное акционерное общество “машиностроительный завод имени м.и. калинина, г. екатеринбург”","публичное акционерное общество ""машиностроительный завод имени м.и.калинина, г. екатеринбург""",,,,,,,,,,,,,,,,,,,,
NK-7qiv6Cc7t7fUUZEpai5S4L,Joint Stock Company Khabarovsk Shipbuilding Yard,Company,2723112662,2723112662,ао хабаровский судостроительный завод,акционерное общество «хабаровский судостроительный завод»,"акционерное общество ""хабаровский судостроительный завод""","открытое акционерное общество ""хабаровский судостроительный завод""",,,,,,,,,,,,,,,,,,,,
NK-XHzGLd6YxmHVEUvG3MiMsx,Federal State Enterprise Tambov Powder Plant,Company,6825000757,6825000757,"фкп “тпз”, федеральное казенное предприятие “тамбовский пороховой завод”","федеральное казенное предприятие ""тамбовский пороховой завод""",федеральное казенное предприятие “тамбовский пороховой завод”,федеральное казенное предприятие тамбовский пороховой завод,,,,,,,,,,,,,,,,,,,,
NK-gWANr8SMavSp8Qj5pRDzdx,OJSC “Machine-building plant ‘Mayak’”,Company,7719024042,7719024042,oао “машиностроительный завод ‘маяк’”,"oао ""машиностроительный завод 'маяк'""","oао машиностроительный завод ""маяк""","открытое акционерное общество ""машиностроительный завод ""маяк""",,,,,,,,,,,,,,,,,,,,
NK-eEnzbdoCvp2iqtBVpEjMcd,Razdolye Implementation Center LLC,Company,7325078348,7325078348,oбщество с ограниченной ответственностью “внедренческий центр ‘раздолье’”,oбщество c ограниченной ответственностью “внедренческий центр ‘раздолье’”,"oбщество с ограниченной ответственностью ""внедренческий центр ""раздолье""""","общество с ограниченной ответственностью ""внедренческий центр ""раздолье""",,,,,,,,,,,,,,,,,,,,
NK-KMDgdPDvQBP93igxVjfAL4,JSC DESIGN OFFICE FOR SHIPBUILDING VYMPEL,Company,5260001206,5260153985,"открытое акционерное общество конструкторское бюро по проектированию судов ""вымпел""",ао конструкторское бюро по проектированию судов “вымпел”,"акционерное общество конструкторское бюро по проектированию судов ""вымпел""",ао кб “вымпел”,,,,,,,,,,,,,,,,,,,,
NK-NSWaHofFyh2DLnmr5aaemb,AKTSIONERNOE OBSHCHESTVO NAUCHNO-PROIZVODSTVENNOE OBEDINENIE OPTIKA,Company,7715909132,7715909132,ао нпо “электромашина”,"открытое акционерное общество ""научно-производственное объединение ""электромашина""","акционерное общество ""научно-производственное объединение ""электромашина""",ао нпо “электромашина”»,,,,,,,,,,,,,,,,,,,,
NK-UMNLSMukyt3pM6cuoZmyJg,PJSC TransContainer,Company,7708591995,7708591995,пао трансконтейнер,"публичное акционерное общество ""трансконтейнер""",публичное акционерное общество «центр по перевозке грузов в контейнерах «трансконтейнер»,"публичное акционерное общество ""центр по перевозке грузов в контейнерах ""трансконтейнер""",,,,,,,,,,,,,,,,,,,,
NK-3FchjcEQe5iEZ7WPfeek9F,Independent Insurance Group Ltd,Company,7716227728,7716227728,общество с ограниченной ответственностью страховая компания независимая страховая группа,"общество с ограниченной ответственностью ""страховая компания ""независимая страховая группа""","общество с ограниченной ответственностью страховая компания ""независимая страховая группа""",общество с ограниченной отвтетсвенностью страховая компания «независимая страховая группа»,,,,,,,,,,,,,,,,,,,,
NK-jXw5vADknEL8giAETMmCjW,JSC FNPTS NNIIRT,Company,5261064047,5261064047,акционерное общество «федеральный научно-производственный центр «нижегородский научно-исследовательский институт радиотехники»,"открытое акционерное общество ""федеральный научно-производственный центр ""нижегородский научно-исследовательский институт радиотехники""",«федеральный научно-производственный центр «нижегородский научно-исследовательский институт радиотехники»,"акционерное общество ""федеральный научно-производственный центр ""нижегородский научно-исследовательский институт радиотехники""",,,,,,,,,,,,,,,,,,,,
NK-g4usduCQ7xBcSH8qyxoQvj,Joint Stock Company Votkinskiy Zavod,Company,1828020110,1828020110,ао ‘воткинский завод’,акционерное общество воткинский завод,воткинский завод,"акционерное общество ""воткинский завод""",,,,,,,,,,,,,,,,,,,,
NK-hXdrvs5oW4V7qS3figTTcK,Joint Stock Company “Scientific and Technical Center ‘ATLAS’”,Company,,9715389053,"акционерное общество ""научно-технический центр ""атлас""",акционерное общество “научно технический центр 'атлас'”,ационерное общество «научно-технический центр «атлас»,акционерное общество “научно-технический центр ‘атлас’”,"акционерное общество ""научно-технический центр “атлас”",,,,,,,,,,,,,,,,,,,
NK-6QHrXW4kTsHa9APM2JzPkC,Crimea Patriot Centre,Company,9102187450,9102187450,государственное бюджетное образовательное учреждение дополнительного образования республики крым крымпатриотцентр,региональный центр по подготовке к военной службе и военно патриотическому воспитанию.,"государственное бюджетное образовательное учреждение дополнительного образования республики крым ""региональный центр по подготовке к военной службе и военно-патриотическому воспитанию""",гбоу до рк “крымпатриотцентр”,,,,,,,,,,,,,,,,,,,,
NK-LvC3N6Xf3saRi3U74MhmxG,Grupo de Empresas FORSS,Company,,7806338550,группа компаний форсс,"общество с ограниченной ответственностью ""форсс марин""","общество с ограниченной ответственностью ""группа компаний ""форс""","общество с ограниченной ответственностью ""смарт марин""",группа компаний форсс; ооо фт; форсс марин; ооо смарт марин; ооо форсс технологии,,,,,,,,,,,,,,,,,,,
NK-FvYujPQbVav296gzaTpFDk,United Shipbuilding Corporation JSC Aysberg Central Design Building,Company,7801005606,7801573983,"акционерное общество ""цкб ""оск-айсберг""",ао цкб айсберг,"акционерное общество ""центральное конструкторское бюро ""айсберг""",акционерное общество «цкб «оск-айсберг»,,,,,,,,,,,,,,,,,,,,
NK-Z68qaJu9YgLxocAoYS6mLC,Lipetsk Mechanical Plant LLC,Company,4824096058,4824096058,ооо липецкий механический завод: лмз,ооо лысьвенский механический завод,"общество с ограниченной ответственностью ""липецкий механический завод""",ooo липецкий механический завод,,,,,,,,,,,,,,,,,,,,
NK-B3DngVxgHkHb3oQKMqwmXt,Open Joint Stock Company TV and Radio Company of the Armed Forces of the Russian Federation “Zvezda”,Company,,7717653542,открытое акционерное общество “телерадиокомпания вооруженных сил российской федерации ‘звезда’”,"открытое акционерное общество ""телерадиокомпания вооруженных сил российской федерации ""звезда"", оао ""трк вс рф ""звезда""","открытое акционерное общество ""телерадиокомпания вооруженных сил российской федерации ""звезда""","открытое акционерное общество ""телерадиокомпания вооруженных сил российской федерации ‘звезда’""",телерадиокомпания вооруженных сил российской федерации «звезда»,,,,,,,,,,,,,,,,,,,
NK-QDAiK8Qdwc3TvnU5KP93fN,Yaroslavl Shipbuilding Factory,Company,,7601001080,публичное акционерное общество ярославский судостроительный завод,ярославский судостроительный завод,пао ярославский судостроительный завод,"публичное акционерное общество ""ярославский судостроительный завод""",публичное акционерное общество «ярославский судостроительный завод»,,,,,,,,,,,,,,,,,,,
NK-dJStg3PcqGBNTczf2SN84n,MMZ Avangard,Company,7743065177,7743065177,"акционерное общество ""московский машиностоительный завод ""авангард""","открытое акционерное общество ""московский машиностроительный завод ""авангард""","акционерное общество ""московский машиностроительный завод ""авангард""","ао; акционерное общество ""московский машиностроительный завод ""авангард""",,,,,,,,,,,,,,,,,,,,
NK-WxftW3Bgif7M2bF9NvrKLo,Joint Stock Company Plasma,Company,6230005886,6230005886,акционерное общество “научно- исследовательский институт газоразрядных приборов ‘плазма’”,"акционерное общество ""научно-исследовательский институт газоразрядных приборов ""плазма""","открытое акционерное общество ""научно-исследовательский институт газоразрядных приборов ""плазма""",акционерное общество “научно-исследовательский институт газоразрядных приборов ‘плазма’”,,,,,,,,,,,,,,,,,,,,
NK-Vm4YBDsh8y2XP8sQ3vXJDs,Joint Stock Company 103 Arsenal,Company,7524015624,7524002142,aкционерное общество „103 бронетанковый ремонтный завод“,"открытое акционерное общество ""103 бронетанковый ремонтный завод""",aкционерное общество “103 бронетанковый ремонтный завод”,"акционерное общество ""103 бронетанковый ремонтный завод""",,,,,,,,,,,,,,,,,,,,
NK-LJacewiZB2aT6kJHMEEj8j,PUBLIC JOINT STOCK COMPANY SCIENTIFIC AND PRODUCTION ASSOCIATION ALMAZ NAMED AFTER ACADEMICIAN A.A. RASPLETIN,Company,7712040285,7712040285,"открытое акционерное общество ""головное системное конструкторское бюро концерна пво ""алмаз-антей"" имени академика а.а. расплетина""","открытое акционерное общество ""научно-производственное объединение ""алмаз"" им.академика а.а.расплетина","открытое акционерное общество ""головное системное конструкторское бюро концерна пво ""алмаз-антей"" имени академика а.а расплетина""",,,,,,,,,,,,,,,,,,,,,
NK-aYrdWTicmp33Qf9KXX4AN7,JSC NPO High Precision Systems,Company,7704721192,7704721192,ао нпо высокоточные комплексы,"акционерное общество ""нпо ""высокоточные комплексы""",холдинг ао «нпо «высокоточные комплексы»,,,,,,,,,,,,,,,,,,,,,
NK-CPQhFVNE5MKPXFY6XCQeZn,Joint Stock Company Vyatskoye Mashinostroitelnoye Predpriyatiye Avitek,Company,4345047310,4345399055,"открытое акционерное общество ""вятское машиностроительное предприятие ""авитэк""","открытое акционерное общество ""вятское машиностроительное предприятие ""авиатек""","открытое акционерное общество ""вятское машиностроительное предприятие ""авитек""",,,,,,,,,,,,,,,,,,,,,
NK-dh9zXmkWQm2FbtW88BmtgE,Limited Liability Company “Commercial Vehicles – GAZ Group”,Company,,5256051148,"общество с ограниченной ответственностью ""коммерческие автомобили – группа газ""","общество с ограниченной ответственностью ""торговый дом ""русские машины""","общество с ограниченной ответственностью ""коммерческие автомобили - группа газ""",общество с ограниченной ответственностью “коммерческие автомобили – группа газ”,,,,,,,,,,,,,,,,,,,,
NK-VnP9UpE6vowtqJmxBuFdVQ,UEC-Saturn,Company,7610052644,5508000137,"открытое акционерное общество"" научно-производственное объединение ""сатурн""","открытое акционерное общество ""научно-производственное объединение ""сатурн""","открытое акционерное общество ""научно - производственное объединение ""сатурн""",,,,,,,,,,,,,,,,,,,,,
NK-2CUomiD2azL8hqw8gituB4,Joint Stock Company Vologodsky Optiko Mekhanichesky Factory,Company,3525023010,3525023010,"открытое акционерное общество ""вологодский оптико-механический завод""","акционерное общество ""вологодский оптико-механический завод""",ao “вологодский оптико-механический завод”,,,,,,,,,,,,,,,,,,,,,
NK-gZmXc8b7JExdo5KSm7tzSZ,RADIOLOGICAL CHEMICAL AND BIOLOGICAL DEFENSE TROOPS OF THE MINISTRY OF DEFENSE OF THE RUSSIAN FEDERATION,Company,7704195013,7704195013,"управление начальника войск радиационной, химической и биологической защиты министерства обороны российской федерации (войсковая часть 52688)",войсковая часть 52688,войска радиационной химической и биологической защиты министерства обороны российской федерации,,,,,,,,,,,,,,,,,,,,,
NK-jZuyfV9NvmUZGaHUtQfAv7,JSC URAL PLANT OF TRANSPORT MECHANICAL ENGINEERING,Company,6659190900,6659190900,"акционерное общество ""уральский завод транспортного машиностроения""",ао “уральский завод транспортного машиностроения”,акционерное общество уральский завод транспортного машиностроения,,,,,,,,,,,,,,,,,,,,,
NK-35VtSxoKtrHVAwX3o9XAgx,JSC Omsk Transport Machine Factory Omsktransmash,Company,5505204171,5505204171,ao омский завод транспортного машиностроения “омсктрансмаш”,"акционерное общество ""омский завод транспортного машиностроения""",акционерное общество «омский завод транспортного машиностроения»,,,,,,,,,,,,,,,,,,,,,
NK-oZ8qvgNYddDmihkKAQuf9K,Federal State Enterprise Kazan State Gunpowder Plant,Company,1656025681,1656025681,"фкп “кгкпз”, федеральное казенное предприятие “казанский государственный казенный пороховой завод”","федеральное казенное предприятие ""казанский государственный казенный пороховой завод""",федеральное казенное предприятие “казанский государственный казенный пороховой завод”,,,,,,,,,,,,,,,,,,,,,
NK-eJp9n6RTzszKTZnnmaMzME,"Nizhnekamsk All-Steel Tyre Plant, LLC",Company,1651049488,1651073339,"общество с ограниченной ответственностью ""нижнекамский завод грузовых шин""",ооо нижнекамский завод грузовых шин,"общество с ограниченной ответственностью ""нижнекамский завод шин цмк""",,,,,,,,,,,,,,,,,,,,,
NK-SjzQhrMGg3RJHVxXQMKAoM,"Federal State Enterprise ""Avangard""",Company,0268005588,0268005588,"фкп “авангард”, стерлитамакский завод “авангард”",стерлитамакский завод “авангард”,стерлитамакский завод «авангард»,,,,,,,,,,,,,,,,,,,,,
NK-W9z3vYch5P9LxUSxXmkXrL,Limited Liability Company Sonatek,Company,5027153451,5027153451,общество c ограниченной ответственностью сонатек,общество с ограниченной ответственностью сонатек,"общество с ограниченной ответственностью ""сонатек""",,,,,,,,,,,,,,,,,,,,,
NK-ZANBHNfGVfhoZeZHiPTFfH,Public Joint Stock Company Vyborg Shipyard,Company,4704012874,4704012874,"публичное акционерное общество ""выборгский судостроительный завод""","открытое акционерное общество ""выборгский судостроительный завод""",пао выборгский судостроительный завод,,,,,,,,,,,,,,,,,,,,,
NK-QRwDBWGMrmDwjbQzjFdYFh,M Leasing LLC,Company,9701173086,9701173086,общество c oграниченной oтветственностью “м лизинг”,"общество с ограниченной ответственностью ""м лизинг""",общество с ограниченной ответственностью “м лизинг”,,,,,,,,,,,,,,,,,,,,,
NK-YNqaGR8aG3YeiaD2tEb23m,Research and Production Center BiznesAvtomatiki LLC,Company,7729652455,7729652455,научно- производственный центр “бизнесавтоматика”,научно-производственный центр “бизнесавтоматика”,"общество с ограниченной ответственностью ""научно-производственный центр ""бизнесавтоматика""",,,,,,,,,,,,,,,,,,,,,
NK-JJwnwSXk3YdBW2fdbKWAnP,JSC KRASNY GIDROPRESS,Company,,6154082903,акционерное общество красный гидропресс,красный гидропресс,"акционерное общество ""красный гидропресс""","открытое акционерное общество ""красный гидропресс""",,,,,,,,,,,,,,,,,,,,
NK-WxpNQ8x3eLy6eHut9kqwaq,Joint Stock Company Sredne-Nevsky Shipyard,Company,7817315385,7817315385,ао средне-невский судостроительный завод,акционерное общество «средне-невский судостроительный завод»,"акционерное общество ""средне-невский судостроительный завод""",,,,,,,,,,,,,,,,,,,,,
NK-PshKJdrdZEtV9yA7BdjyZb,Joint Stock Company Shipbuilding Plant Lotos,Company,3008003802,3008003802,"открытое акционерное общество ""судостроительный завод ""лотос""",ао судостроительный завод лотос,"акционерное общество ""судостроительный завод ""лотос""",,,,,,,,,,,,,,,,,,,,,
NK-PMFPBh753My5zQ3Uw3UKVk,JSC 163 Armor Repair Plant,Company,2340020470,2340020470,"акционерное общество ""163 бронетанковый ремонтный завод""",акционерное общество 163 бронетанковый ремонтный завод,ао “163 бронетанковый ремонтный завод”,,,,,,,,,,,,,,,,,,,,,
NK-c9CirADoJuh4J6MYumjpSM,"Tactical Missile Corporation, 711 Aircraft Repair Plant",Company,3604016369,3604016369,"акционерное общество ""711 авиационный ремонтный завод""","открытое акционерное общество ""711авиационный ремонтный завод """,711 авиационный ремонтный завод or 711 арз,,,,,,,,,,,,,,,,,,,,,
NK-C8whXir5CpbEcPiuUCBktS,Aktsionernoe Obshchestvo Verkhneufaleiskii Zavod Uralelement,Company,7402006277,7402006277,"акционерное общество ""верхнеуфалейский завод уралэлемент""","акционерное общество ""верхнеуфалейский завод ""уралэлемент""","открытое акционерное общество ""верхнеуфалейский завод ""уралэлемент""",,,,,,,,,,,,,,,,,,,,,
NK-5DwW2XYNW2RejATzHSxfvT,"Tactical Missile Company, NPO Lightning",Company,,7733028761,"открытое акционерное общество""научно-производственное объединение ""молния""","акционерное общество открытого типа ""нпо молния""","открытое акционерное общество ""научно-производственное объединение ""молния""","обособленное структурное подразделение открытого акционерного общества ""научно-производственное объединение ""молния"" ""асп автоматизированные информационные системы и технологии""",,,,,,,,,,,,,,,,,,,,
NK-EtLocPYFy3Reg5EfCYFiJR,Aktsionernoye Obshchestvo Dalnevostochnyy Tsentr Sudostroyeniya I Sudoremonta,Company,2536196045,2536196045,"открытое акционерное общество ""дальневосточный центр судостроения и судоремонта""","акционерное общество ""дальневосточный центр судостроения и судоремонта""",акционерное общество дальневосточный центр судостроения и судоремонта,,,,,,,,,,,,,,,,,,,,,
NK-SQnE7ob2U7aopmnWQm9NAX,JOINT STOCK COMPANY MILITARY-INDUSTRIAL CORPORATION NPO MASHINOSTROYENIA,Company,5012039795,5012039795,акционерное общество “военно-промышленная корпорация ‘научно- производственное объединение машиностроения’”,акционерное общество “военно-промышленная корпорация ‘научно-производственное объединение машиностроения’”,"акционерное общество ""военно-промышленная корпорация ""научно-производственное объединение машиностроения""",,,,,,,,,,,,,,,,,,,,,
NK-YrwAKqEtQYrHVJKogpvT5a,JSC NPO Elektromechaniki,Company,7415044181,7415044181,ао “научно-производственное объединение электромеханики”,"акционерное общество ""научно-производственное объединение электромеханики""",ао “научно- производственное объединение электромеханики”,,,,,,,,,,,,,,,,,,,,,
NK-DWTrxPbLmvLp7Lkb4Zck8v,"Bryansk Automobile Plant, JSC",Company,3255502838,3255502838,"акционерное общество ""брянский автомобильный завод""",ao ‘брянский автомобильный завод’,ao брянский автомобильный завод,,,,,,,,,,,,,,,,,,,,,
NK-dZPtv2GyEbUfTPcZAHaSxv,KOMSOMOLSK-ON-AMUR AVIATION PLANT,Company,2703019760,2703019760,комсомольский-на- амуре авиационный завод,"открытое акционерное общество ""комсомольское-на-амуре авиационное производственное объединение имени ю.а. гагарина""",комсомольский-на-амуре авиационный завод,,,,,,,,,,,,,,,,,,,,,
NK-XznRvgjAxsdunNFNsGzTBq,OPK Oboronprom,Company,7718218951,7718218951,«открытое акционерное общество «объединённая промышленная корпорация оборонпром»,"открытое акционерное общество ""объединенная промышленная корпорация ""оборонпром""","акционерное общество ""объединенная промышленная корпорация ""оборонпром""",,,,,,,,,,,,,,,,,,,,,
NK-ddDH8RgsuzE2DH2aDanJQE,JSC NPO MRTZ,Company,,7731018133,"акционерное общество ""московский радиотехнический завод""","акционерное общество ""научно-производственное объединение ""московский радиотехнический завод""","открытое акционерное общество ""научно-производственное объединение ""московский радиотехнический завод""","акционерное общество ""научно- производственное объединение ""московский радиотехнический завод""",,,,,,,,,,,,,,,,,,,,
NK-o9Hva42nwRbGA25tvuKMAQ,"Tactical Missile Corporation, Smolensk Aviation Plant",Company,6729001476,6729001476,ао “смоленский авиационный завод”,"акционерное общество ""смоленский авиационный завод""",ао «смоленский авиационный завод» (смаз),,,,,,,,,,,,,,,,,,,,,
NK-5n6S6EjozZmPSqvA4KAQcP,Tatshina LLC,Company,1644024517,1644024517,"общество с ограниченной ответственностью ""татшина""","общество с ограниченной ответственностью ""управляющая компания ""татнефть-нефтехим""",,,,,,,,,,,,,,,,,,,,,,
NK-YEbd6xsFPyKctnGpKsWW4u,"UEC-Perm Engines, JSC",Company,5904007312,5904007312,акционерное общество «одк-пермские моторы»,"акционерное общество ""одк-пермские моторы""",,,,,,,,,,,,,,,,,,,,,,
NK-jDEKpQS4hY6TUguPim7Dmc,Federal State Unitary Enterprise Central Order of the Red Banner Scientific Research Automobile and Automotive Engines Institute NAMI,Company,7711000924,7711000924,"федеральное государственное унитарное предприятие ""центральный ордена трудового красного знамени научно-исследовательский автомобильный и автомоторный институт ""нами""",федеральное государственное унитарное предприятие центральный ордена трудового красного знамени научно-исследовательский автомобильный и автомоторный институт нами,,,,,,,,,,,,,,,,,,,,,,
NK-L7cYmnG6Sx9UZ73qmnqqaR,The Alexander Gorchakov Public Diplomacy Fund,Company,,7709444369,фонд поддержки публичной дипломатии имени а.м. горчакова»,фонд поддержки публичной дипломатии имени а.м.горчакова,фонд общественной дипломатии александра горчакова,,,,,,,,,,,,,,,,,,,,,
NK-h56gmHNnP2TKTCEfNKRmAF,MAIN COMPUTATION CENTER OF THE GENERAL STAFF OF THE ARMED FORCES OF THE RUSSIAN FEDERATION,Organization,,,главный вычислительный центр генерального штаба (‘гвц’),главный вычислителный центр генералнього штаба вооруженных сил россиской федерации,главный вычислительный центр генерального штаба вооруженных сил российской федерации,"главный вычислительный центр генерального штаба („гвц"")",,,,,,,,,,,,,,,,,,,,
NK-5FFLYyLEsiDSphKBkDxeuP,LLC TD KAMA,Company,1651024807,1651024807,"общество с ограниченной отвественностью ""торговый дом ""кама""","общество с ограниченной ответственностью ""торговый дом ""кама""",,,,,,,,,,,,,,,,,,,,,,
NK-CpWe5xnGZ3Xvp9PQfmbPp4,"Tactical Missile Corporation, Azov Optical and Mechanical Plant",Company,6140022069,6140022069,"акционерное общество ""азовский оптико-механический завод""",азовский оптико-механический завод,,,,,,,,,,,,,,,,,,,,,,
NK-eXzFarXNX73XPhYRp9xM33,LIMITED LIABILITY COMPANY SHIPBUILDING COMPLEX ZVEZDA,Company,2503032517,2503032517,общество с ограниченной ответственностью судостроительный комплекс звезда,"общество с ограниченной ответственностью ""судостроительный комплекс ""звезда""",,,,,,,,,,,,,,,,,,,,,,
NK-nAtQBaWLAnYrknkr2j7wsy,State Machine Building Design Bureau Raduga Bereznya,Company,5010031470,5010031470,"открытое акционерное общество государственное машиностроительное конструкторское бюро ""радуга"" имени а.я. березняка","открытое акционерное общество ""государственное машиностроительное конструкторское бюро ""радуга"" имени а.я.березняка""",,,,,,,,,,,,,,,,,,,,,,
NK-SUosTieqwmz7ntgQBdDkH5,Joint Stock Company Research and Production Enterprise Radar MMS,Company,7814027653,7814027653,"открытое акционерное общество ""научно-производственное предприятие ""радар ммс""",генеральный директор- генеральный конструктор анцев георгий владимирович,,,,,,,,,,,,,,,,,,,,,,
NK-SFUpbbKdHY75YMKmgK3QEp,Aktsionernoe Obshchestvo Elektrotyaga,Company,7805230257,7805230257,"акционерное общество ""электротяга""",акционерное общество «электротяга»,,,,,,,,,,,,,,,,,,,,,,
NK-9iEp7sqxGYKEzvhd2qyeWC,Private Military Company Redut,Company,9725026517,9725026517,"общество с ограниченной ответственностью ""редутбезопасность""","общество с ограниченной ответственностью ""редут-безопасность""",,,,,,,,,,,,,,,,,,,,,,
NK-n3U6g7iQhybo648xwo9w9C,MG-Flot LLC,Company,3017041900,3017041900,"общество с ограниченной ответственностью ""трансморфлот""","общество с ограниченной ответственностью ""мг-флот""",,,,,,,,,,,,,,,,,,,,,,
NK-VC4Fmbtufz9GcajQcuUe6A,The 924th Unmanned Aerial Vehicle Center (Military Unit 20924),Organization,5022050639,5022050639,924-й центр беспилотных летательных аппаратов (воинская часть 20924),"федеральное казенное учреждение ""войсковая часть 20924""",,,,,,,,,,,,,,,,,,,,,,
NK-nW2X9UbJMAaMMCSFYwcf32,JSC SPECIAL DESIGN BUREAU OF TRANSPORT MECHANICAL ENGINEERING,Company,7805019624,7805019624,"акционерное общество открытого типа ""специальное машиностроение""","открытое акционерное общество ""специальное конструкторское бюро транспортного машиностроения """,,,,,,,,,,,,,,,,,,,,,,
NK-fqyLrA4tXmdkMNEYNUY7SB,JOINT STOCK COMPANY URAL DESIGN BUREAU OF TRANSPORT ENGINEERING,Company,6623049453,6667002710,оао “укбтм” открытое акционерное общество,"открытое акционерное общество ""уральское конструкторское бюро транспортного машиностроения""",,,,,,,,,,,,,,,,,,,,,,
NK-mDbquYrFvHaU72k3n5WwqH,OJSC Ural Airlines,Company,,6608003013,"открытое акционерное общество авиакомпания ""уральские авиалинии""",открытое акционерное общество авиакомпания «уральские авиалинии»,"открытое акционерное общество авиационная компания ""уральские авиалинии""",,,,,,,,,,,,,,,,,,,,,
NK-U8LWviLum93XKgs9XXtdPb,Nightwolves MC,Company,,7717141880,моторклуб “ночные волки”,"моторклуб, ночные волки","молодежная автономная некоммерческая организация ""ночные волки""",,,,,,,,,,,,,,,,,,,,,
NK-RgsAwHipvhrjEkzmwiz5x7,Limited Liability Company Promtekhnologiya,Company,7708696860,7708696860,общество с ограниченной ответственностью промтехнология,"общество с ограниченной ответственностью ""промтехнология""",,,,,,,,,,,,,,,,,,,,,,
NK-hsGCeFSi6VdpE25RW3msQb,Marine Trans Shipping LLC,Company,3025037914,3025037914,"общество с ограниченной ответственностью ""марин транс шиппинг""",общество с ограниченной ответственностью “марин транс шиппинг”,,,,,,,,,,,,,,,,,,,,,,
NK-jkYesqzTZPmG9oZ6nbswZ5,LLC Albatros,Company,5038127220,5038127220,общество с ограниченной ответственностью альбатрос,"общество с ограниченной ответственностью ""альбатрос""",,,,,,,,,,,,,,,,,,,,,,
NK-D8dPhbF3kwNKUgLL8MKhCc,PJSC UEC-Kuznetsov,Company,6319033379,6319033379,"открытое акционерное общество ""кузнецов""","открытое акционерное общество ""моторостроитель""",,,,,,,,,,,,,,,,,,,,,,
NK-Q2UkkGgQpeU7femaMrXgEX,Promsvyazbank,Company,7744000912,7710301140,"открытое акционерное общество ""промсвязьбанк""","общество с ограниченной ответственностью ""промсвязьавто""",,,,,,,,,,,,,,,,,,,,,,
NK-d5jadWKURgX7Mh86KsSBan,JSC KRONSHTADT TEKHNOLOGII Group of Companies,Company,7808035536,7810199130,кронштадт-технологии группа компаний ао,"закрытое акционерное общество ""транзас""",,,,,,,,,,,,,,,,,,,,,,
NK-nF6U2Utyxn5AZtjCdWEpFr,JSC OBORONENERGO,Company,,7843309525,"открытое акционерное общество ""оборонэнерго""",ао оборонэнерго,"акционерное общество ""оборонэнерго""",,,,,,,,,,,,,,,,,,,,,
NK-D6sVLG9ExnGS5j6ejbVfFo,Joint Stock Company Shipbuilding Plant Named After B Ye Butoma,Organization,9111022140,9111022140,"акционерное общество ""судостроительный завод имени б.е.бутомы""",,,,,,,,,,,,,,,,,,,,,,,
NK-3jhj93akjs5wzAiWiSjBXR,JSC LOMO,Company,7804002321,7804002321,"открытое акционерное общество ""ломо""",,,,,,,,,,,,,,,,,,,,,,,
NK-5LXJagsZHPj2GrxmGxxbTT,Askon JSC,Company,7809009923,7809009923,"закрытое акционерное общество ""аскон""",,,,,,,,,,,,,,,,,,,,,,,
NK-fq4GNFzLgn5w3nfkvZy3xT,Joint Stock Company Tekhnodinamika,Company,7719265496,7719265496,"открытое акционерное общество ""агрегатное конструкторское бюро ""якорь""",,,,,,,,,,,,,,,,,,,,,,,
NK-TBcWgxNzMC9SXeeHURWYQy,JSC Production Association Strela,Company,5609061432,5609061432,"открытое акционерное общество ""производственное объединение ""стрела""",,,,,,,,,,,,,,,,,,,,,,,
NK-SQg4av8jyWDvR6E9xxamgs,JSC NPO Kurganpribor,Company,4501129676,4501129676,"открытое акционерное общество ""научно-производственное объединение ""курганприбор""",,,,,,,,,,,,,,,,,,,,,,,
NK-E7Axw7diDEgmhLio97uqy6,"Zakryte aktsionerne tovarystvo ""Dvyhuny ""Volodymyr Klimov-Motor Sich""",Company,,7743002177,"закрытое акционерное общество ""двигатели ""владимир климов - мотор сич""","закрытое акционерное общество ""двигатели ""владимир климов-мотор сич""",,,,,,,,,,,,,,,,,,,,,,
NK-heY8H4tNZ4gLrjbcNknzsG,Aktsionerne tovarystvo «Naukovo–doslidnyi instytut dvyhuniv»,Company,,7707696113,акционерное общество «научно–исследовательский институт двигателей»,"акционерное общество ""научно-исследовательский институт двигателей""",,,,,,,,,,,,,,,,,,,,,,
NK-WZVtQH3ASksTLPoRD8xM4C,Joint Stock Company Zelenodolsky Project and Design Bureau,Company,1648024290,1648024290,ao зеленодольский завод имени а. м. горького,,,,,,,,,,,,,,,,,,,,,,,
NK-XzqU3gjcyi6wwchNLn9k4z,PUBLIC JOINT STOCK COMPANY SCIENTIFIC PRODUCTION ASSOCIATION STRELA,Company,7103028233,7103028233,"открытое акционерное общество ""научно-производственное объединение ""стрела""",,,,,,,,,,,,,,,,,,,,,,,
NK-TgdqZc3m5ouUkoMx585vJ8,Tupolev JSC,Company,7705313252,7705313252,"открытое акционерное общество ""туполев""",,,,,,,,,,,,,,,,,,,,,,,
NK-dBYuvK6gZEmnftFQDCtBG3,JOINT STOCK COMPANY RESEARCH AND PRODUCTION ASSOCIATION ISKRA,Company,5907001774,5907001774,"открытое акционерное общество научно-производственное объединение ""искра""",,,,,,,,,,,,,,,,,,,,,,,
NK-dKRU68LWdYq8qBW8HWgjKS,Joint Stock Company Avangard,Company,6726504312,6726504312,"открытое акционерное общество ""авангард""",,,,,,,,,,,,,,,,,,,,,,,
NK-kcv6RqVGDKbWMaXuKYcziS,Concern Morinformsystem Agat Joint Stock Company,Company,7720544208,7720544208,"открытое акционерное общество ""концерн ""моринформсистема - агат""",,,,,,,,,,,,,,,,,,,,,,,
NK-n8EdBJ43vW84L9fYqyZSHs,Joint Stock Company DUKS,Company,7714077682,7714077682,"открытое акционерное общество ""дукс""",,,,,,,,,,,,,,,,,,,,,,,
NK-hZZ7Q74zKj9T9tRUCToMLN,Kazan Aircraft Production Plant named after S. P. Gorbunov,Company,,1661020784,казанский авиационный завод имени с. п. горбунова,"открытое акционерное общество ""казанское авиационное производственное объединение имени с.п.горбунова""",,,,,,,,,,,,,,,,,,,,,,
NK-U8P6p4hzZ3tCjfvAxbVT4m,JSC Saturn,Company,5508000955,5508000955,"открытое акционерное общество ""сатурн""",,,,,,,,,,,,,,,,,,,,,,,
NK-HPL3fRHzbzdmygzZZ9CWdF,United Shipbuilding Corporation JSC “Baltic Shipbuilding Factory”,Company,,7801560631,"открытое акционерное общество ""балтийский завод""","акционерное общество ""балтийский завод""",,,,,,,,,,,,,,,,,,,,,,
NK-fY8tZxKqpkb4KyfVDKgn6E,Rybinsk Shipyard Engineering,Company,,7610046760,"закрытое акционерное общество ""рыбинский судостроительный завод""",закрытое акционерное общество «рыбинский судостроительный завод»,,,,,,,,,,,,,,,,,,,,,,
NK-fJNBfsgomyod6V5JXFcQSh,Joint Stock Company Central Design Bureau of Automatics,Company,5506202219,5506048743,"открытое акционерное общество ""центральное конструкторское бюро автоматики""",,,,,,,,,,,,,,,,,,,,,,,
NK-MuVFRrWMR83EvFkvQtUYno,"Tactical Missile Corporation, RKB Globus",Company,6229060995,6229060995,"открытое акционерное общество ""рязанское конструкторское бюро ""глобус""",,,,,,,,,,,,,,,,,,,,,,,
NK-PUoiZTPDehyJijQsNWX45v,"Tactical Missile Corporation, Joint Stock Company GosNIIMash",Company,5249093130,5249093130,"государственный научно-исследовательский институт машиностроения"" им. в.в. бахирева",,,,,,,,,,,,,,,,,,,,,,,
NK-YwirjVyNExvvb8ngt7rqAV,53rd Anti-Aircraft Missile Brigade,Organization,4611010810,4611010810,53-та гвардейска противовъздушна ракетна бригада,,,,,,,,,,,,,,,,,,,,,,,
NK-nR5AXM9AVPq4pQaSPSaVam,JSC Kalashnikov Concern,Company,1832090230,1832090230,"открытое акционерное общество ""концерн ""калашников""",,,,,,,,,,,,,,,,,,,,,,,
NK-bR4w9EB5V3zWHGZwNRmnpD,Joint Stock Company Voskresensky Aggregation Factory,Organization,5005073080,5005073080,"акционерное общество ""воскресенский агрегатный завод""",,,,,,,,,,,,,,,,,,,,,,,
NK-R5mK8BKmrxNiNFRMmoRnE8,"Tactical Missile Company, Joint-Stock Company “Research Center for Automated Design”",Company,,7714022309,"акционерное общество ""научно-исследовательский центр автоматизированных систем конструирования""",ао «научно-исследовательский центр автоматизированных систем конструирования»,,,,,,,,,,,,,,,,,,,,,,
NK-5f2zbGA5Uov7kTFSizWvZG,Joint stock company Zavod Dagdizel,Company,0545001919,0545001919,"открытое акционерное общество ""завод ""дагдизель""",,,,,,,,,,,,,,,,,,,,,,,
NK-cFmG94hFooZ8LbNUfr5RL7,"MKB ""Fakel"" du nom de P.D. Grushin",Company,5047051923,5047051923,"открытое акционерное общество ""машиностроительное конструкторское бюро ""факел"" имени академика п.д.грушина""",,,,,,,,,,,,,,,,,,,,,,,
NK-H62A9T7WLJGEYmxABrWunP,OAO 'DOLGOPRUDNY RESEARCH PRODUCTION ENTERPRISE',Company,5008000322,5008000322,"открытое акционерное общество ""долгопрудненское научно-производственное предприятие""",,,,,,,,,,,,,,,,,,,,,,,
NK-knciH2HsnpEX8gok7oyYM4,NIZHNY NOVGOROD JOINT STOCK COMPANY HYDROMASH NAMED AFTER VI LUZYANIN,Company,5262008630,5262008630,"нижегородское открытое акционерное общество ""гидромаш""",,,,,,,,,,,,,,,,,,,,,,,
NK-A4hVTUZUHPfNBJRnrNykFD,The Foundation for National Values Protection,Company,,7709448606,фонда защиты национальных ценностей,фонд защиты национальных ценностей,,,,,,,,,,,,,,,,,,,,,,
NK-Zys8cH5ZCRrZLSgE7cQCWz,Federalne kazenne pidpryiemstvo «Upravlinnia zamovnyka kapitalnoho budivnytstva Ministerstva oborony Rosiiskoyi Federatsiyi»,Company,,7704684769,федеральное казенное предприятие «управление заказчика капитального строительства министерства обороны российской федерации»,"федеральное казенное предприятие ""управление заказчика капитального строительства министерства обороны российской федерации""",,,,,,,,,,,,,,,,,,,,,,
NK-nuyF9bfDQp8B6NRmKSmCeR,"Entreprise de conception et de production ""Iris"" S.A.",Company,6164295259,6164100647,"открытое акционерное общество ""производственно-конструкторское предприятие ""ирис""",,,,,,,,,,,,,,,,,,,,,,,
NK-fJokELHcQscBF7JseYyqoj,United Engine Corporation,Company,7731644035,7731644035,"открытое акционерное общество ""объединенная двигателестроительная корпорация""",,,,,,,,,,,,,,,,,,,,,,,
NK-FQzfUaE59eLwB24kFpCr8n,JOINT STOCK COMPANY SCIENTIFIC AND PRODUCTION ASSOCIATION IMPULS,Company,7804478424,7804478424,"открытое акционерное общество ""научно-производственное объединение ""импульс""",,,,,,,,,,,,,,,,,,,,,,,
NK-ng7ZJVuZRb7CN4iU8KR5Gg,JSC GPTP GRANIT,Company,7731263174,7731263174,"открытое акционерное общество ""головное производственно-техническое предприятие ""гранит""",,,,,,,,,,,,,,,,,,,,,,,
NK-jyws5zJ8gghNa2iEp2GXjY,JSC “SMP”,Company,,6680000479,акционерное общество “серовский механический завод”,"акционерное общество ""серовский механический завод""",,,,,,,,,,,,,,,,,,,,,,
NK-hM8Y4rfBGmXfqvrxMFcVpv,Joint Stock Company RT-Tekhpriemka,Company,7714710760,7714710760,"открытое акционерное общество ""авиатехприемка""",,,,,,,,,,,,,,,,,,,,,,,
NK-Zx9zExLfybMeGZfWCEHcSD,Empresa Militar Privada Convoy,Organization,4712026246,4712026246,чвк конвой,,,,,,,,,,,,,,,,,,,,,,,
NK-RGFw4PDTwcB5JAxnpGHD9A,Sovfracht JSC,Company,7702059030,7702059030,"открытое акционерное общество ""совфрахт""",,,,,,,,,,,,,,,,,,,,,,,
NK-g65ALnE6VTe5fk2ugN5khD,Azia Shipping Company LLC,Company,2540195189,2540195189,"общество с ограниченной ответственностью ""судоходная компания азиа""",,,,,,,,,,,,,,,,,,,,,,,
NK-hT4K5Nf4vUjDnjKSEKTaUf,Limited Liability Company AK Microtech,Company,7731339867,7731339867,"общество с ограниченной ответственностью ""ак микротех""",,,,,,,,,,,,,,,,,,,,,,,
NK-mVr3diqYYhHhY5B8CE3Pmq,JSC AVIASTAR-SP,Company,7328032711,7328032711,"закрытое акционерное общество ""авиастар-сп""",,,,,,,,,,,,,,,,,,,,,,,
NK-m4iUMa5U2ctgKyWyvT7UXc,JSC “L. N. Koshkin Automatic Line Design Bureau”,Company,,5021003065,"акционерное общество ""конструкторское бюро автоматических линий имени льва николаевича кошкина""",акционерное общество “конструкторское бюро автоматических линий имени льва николаевича кошкина”,,,,,,,,,,,,,,,,,,,,,,
NK-G3gKQVrA2pMdjConfT7Xmm,Oboronlogistika OOO,Company,7718857267,7718857267,"общество с ограниченной ответственностью ""оборонлогистика""",,,,,,,,,,,,,,,,,,,,,,,
NK-edmADh2bCVgQJXcSBYvuGH,JSC Shipyard Vympel,Company,,7610015674,"акционерное общество ""судостроительный завод ""вымпел""",ао кб вымпел or судостроительный завод вымпел,,,,,,,,,,,,,,,,,,,,,,
NK-JuAywhPbvuZNrxfMptouAe,PJSC Zvezda,Company,7811038760,7811038760,"открытое акционерное общество ""звезда""",,,,,,,,,,,,,,,,,,,,,,,
NK-i8GfD2Lo32TvCxwpriDUkY,Public Joint Stock Company Krasnoye Sormovo Shipyard,Company,5263006629,5263006629,"открытое акционерное общество ""красное сормово""",,,,,,,,,,,,,,,,,,,,,,,
NK-ggsHfPTc5bscMK3s2jJYYB,JSC VOSTOCHNAIA VERF,Company,2537009643,2537009643,"""восточная верфь"" открытое акционерное общество",,,,,,,,,,,,,,,,,,,,,,,
NK-RtedTUDap5uMrUnyN4szTF,Tovarystvo z obmezhenoiu vidpovidalnistiu «Nevskyi sudnobudivelno-sudnoremontnyi zavod»,Company,,4706020609,"общество с ограниченной ответственностью ""невский судостроительно-судоремонтный завод""",общество с ограниченной ответственностью «невский судостроительно-судоремонтный завод»,,,,,,,,,,,,,,,,,,,,,,
NK-n3mqNyNNPRiqGcWtWR9Uoq,Tactical Missiles Corporation JSC,Company,5099000013,5099000013,"открытое акционерное общество ""корпорация ""тактическое ракетное вооружение""",,,,,,,,,,,,,,,,,,,,,,,
NK-YYoj2HXaqpgBM4sHUUjR4T,NPP SALYUT JSC,Organization,7720673002,7720673002,,,,,,,,,,,,,,,,,,,,,,,,
NK-6nYfs7RAAKQQTyHztNAuWP,Iskra Engineering Design Bureau JSC named after I.I. Kartukov,Company,7714288059,7713006304,,,,,,,,,,,,,,,,,,,,,,,,
NK-mAsMqf79pCbSXJzjvPbK7C,Joint Stock Company Research Design And Technological Bureau Onega,Company,2902057961,2902057961,,,,,,,,,,,,,,,,,,,,,,,,
NK-n4RNJAaSr6o6HaiG3djnHQ,Joint Stock Company Northern Production Association Arktika,Company,2902057930,2902057930,,,,,,,,,,,,,,,,,,,,,,,,
NK-cDtAzPbNaYCiiQfCtHQtY6,JSC PO Sevmash,Company,2902059091,2902059091,,,,,,,,,,,,,,,,,,,,,,,,
NK-hiPSH868MpuerQ798BPUHL,United Shipbuilding Corporation JSC “Astrakhan Shipyard”,Company,,2902008234,"федеральное государственное унитарное предприятие ""астраханский судоремонтный завод"" министерства обороны российской федерации",,,,,,,,,,,,,,,,,,,,,,,
NK-nWnGF3GjPCdxpBAKD7cR62,United Instrument Manufacturing Corporation,Company,7704859803,7704859803,,,,,,,,,,,,,,,,,,,,,,,,
NK-Xz93wpcQaBUV3h5AdYTg5L,Voentelecom JSC,Company,,7810557610,"открытое акционерное общество ""воентелеком""",,,,,,,,,,,,,,,,,,,,,,,
NK-WkigZvKALQNnrYwf2iBDb9,JSC RPTP Granit,Company,6229031754,6229031754,,,,,,,,,,,,,,,,,,,,,,,,
NK-3kQeFdcMsic5K4qVfpyw2t,Joint Stock Company Special Design Bureau Turbina,Company,74522033815,7452033815,,,,,,,,,,,,,,,,,,,,,,,,
NK-bPaMS9PiLWgHA3gUqfzqDd,PUBLIC JOINT STOCK COMPANY ZAVOD TULA,Company,7104002862,7104002862,,,,,,,,,,,,,,,,,,,,,,,,
NK-BRkuR87VVCej32ZaVHiett,"Tovarystvo z obmezhenoiu vidpovidalnistiu ""Volzki industrialni dvyhuny""",Organization,,7611026936,"общество с ограниченной ответственностью ""волжские индустриальные двигатели""",,,,,,,,,,,,,,,,,,,,,,,
NK-nKTwWkGeWDVNtJDBRwnwJi,"Tovarystvo z obmezhenoiu vidpovidalnistiu ""UZHA-Aviatsiini porshnevi dvyhuny""",Company,,6685152732,"общество с ограниченной ответственностью ""узга-авиационные поршневые двигатели""",,,,,,,,,,,,,,,,,,,,,,,
NK-8M9qae6xNbhorsZZ5XKKzH,Joint Stock Company Battery Company Rigel,Company,7813054118,9728042468,,,,,,,,,,,,,,,,,,,,,,,,
NK-Z9oNBzxf4NzcB6GKXwgPUL,"Joint-stock company ""PMC Wagner Centre""",Company,7811783517,7811783517,,,,,,,,,,,,,,,,,,,,,,,,
NK-ErjGPnLbFdEMNs6sNyt5qD,JSC NPO PRZ,Organization,,5244012779,"акционерное общество ""научно-производственное объединение ""правдинский радиозавод""",,,,,,,,,,,,,,,,,,,,,,,
NK-KXCHSsjxHRxYezARTuK6su,JSC Lantan,Company,7701005930,7701005930,,,,,,,,,,,,,,,,,,,,,,,,
NK-JQh4AbEuaTtrHaJtXKFpJK,Rosfinmonitoring,Company,7708234633,7708234633,,,,,,,,,,,,,,,,,,,,,,,,
NK-9HPc3wHroTLH6dn4gMcwYV,VOENTEKSTILPROM LLC,Company,,7724392193,"общество с ограниченной ответственностью ""воентекстильпром""",,,,,,,,,,,,,,,,,,,,,,,
NK-bZ3Radsso2M5k2VmEMnJMS,JSC Kometa,Company,7723836671,7723836671,,,,,,,,,,,,,,,,,,,,,,,,
NK-hMRSLqViQwQ5PqFnMiePMc,Zavod no 9,Company,6673189640,6673189640,,,,,,,,,,,,,,,,,,,,,,,,
NK-k2PtdJ7WpgT58wpzM55tXZ,Turayev Machine Building Design Bureau Soyuz,Company,5026000759,5026000759,,,,,,,,,,,,,,,,,,,,,,,,
NK-AQU5FyegYsSoQfDh3ZEpoC,JOINT STOCK CORPORATION SHIPBUILDING AND SHIP REPAIR TECHNOLOGY CENTER,Organization,7805482938,7805482938,,,,,,,,,,,,,,,,,,,,,,,,
NK-j7L5SLuXAv8GqNzJuWNepc,"Tovarystvo z obmezhenoiu vidpovidalnistiu ""Sudnobudivna kompaniia ""Kohorta TM""",Organization,,2703091069,"общество с ограниченной ответственностью ""судостроительная компания ""когорта тм""",,,,,,,,,,,,,,,,,,,,,,,
NK-LUufjzckrrK3PuCNJJGGmq,Open Joint Stock Company Samusskiy Sudostroitelno Sudoremontniy Zavod,Company,7014000324,7014000324,,,,,,,,,,,,,,,,,,,,,,,,
NK-E9KnQFfMFz5rwcfKb6SLDv,JSC Design Bureau of Mechanical Engineering,Company,7722307636,7722307636,,,,,,,,,,,,,,,,,,,,,,,,
NK-jqXHr8jsSFcyJZjkP7Jmvd,United Shipbuilding Corporation,Company,7838395215,7838395215,,,,,,,,,,,,,,,,,,,,,,,,
NK-VGXEBCFoqGXtEuKcNNxRN6,Joint Stock Company Shipbuilding Corporation Ak Bars,Company,1648040380,1648040380,,,,,,,,,,,,,,,,,,,,,,,,
NK-N2jxUXvHnBbgexa9V3STdu,Public Joint Stock Company Research & Production Corporation Istok Named After AI Shokin,Company,5050108496,5050108496,,,,,,,,,,,,,,,,,,,,,,,,
NK-S7t99yqQrTAzgJf2UWZ84Y,Union of Donbas Volunteers,Company,9710001943,9710001943,,,,,,,,,,,,,,,,,,,,,,,,
NK-9goSohK3TckTGQTMLcPLMk,JSC GARNIZON,Company,,7704730084,"открытое акционерное общество ""оборонсервис""",,,,,,,,,,,,,,,,,,,,,,,
NK-iA58ygXXXGkaoMy8ipo6ea,JSC NPP Iskra Plant,Company,7325081527,7325081527,,,,,,,,,,,,,,,,,,,,,,,,
NK-KuEMAkd8L3ZrW544NJjpBv,JSC UEC Klimov,Company,7802375335,7802375335,,,,,,,,,,,,,,,,,,,,,,,,
NK-oBUeRCmc2coyuakNSktBmc,JSC MZ RIP,Organization,,3307001987,"акционерное общество ""муромский завод радиоизмерительных приборов""",,,,,,,,,,,,,,,,,,,,,,,
NK-mBimzquoMVJWnKG3pmSRp9,Aktsionernoe Obshchestvo Ravenstvo-Service,Company,7805417618,7805417618,,,,,,,,,,,,,,,,,,,,,,,,
NK-mcffK9a6ih82yZKjGyk9Ls,"Aktsionerne tovarystvo ""Pivdennyi tsentr sudnobuduvannia i sudnoremontu""",Company,,3023004670,"акционерное общество ""южный центр судостроения и судоремонта""",,,,,,,,,,,,,,,,,,,,,,,
NK-i3Y7aaRQfXUDGubVQNjRk4,SHIPREPAIRING AND SHIPBUILDING CORPORATION JSC,Organization,5260100856,5260100856,,,,,,,,,,,,,,,,,,,,,,,,
NK-jB934anQjMbzyDqZSBAwWV,JSC Plant Universalmash,Company,7805060220,7805060220,,,,,,,,,,,,,,,,,,,,,,,,
NK-LdyhnV2q6gvm4jTfriTdaS,JSC Design Bureau of Instrument-Making Named After Academic A. G. Shipunov,Company,,7105514574,,,,,,,,,,,,,,,,,,,,,,,,
NK-NFk7TtXMoZ2hkz5xvjtvxt,Aktsionerne tovarystvo «Astrakhanske sudnobudivne vyrobnyche obiednannia»,Company,,3017064287,,,,,,,,,,,,,,,,,,,,,,,,
NK-cVssfXLJuFJAJsLtieeHnU,Design Bureau Ametist JSC,Organization,,7723691017,,,,,,,,,,,,,,,,,,,,,,,,
NK-jSbxtz6q6t6CyMMSCuy3ur,"Tactical Missile Corporation, Zvezda-Strela Limited Liability Company",Company,,6154160069,,,,,,,,,,,,,,,,,,,,,,,,
NK-eNaYuw2EzaGHcugKEjvqE3,OJSC “Krasnoe Znamya” Plant,Company,,6229004711,,,,,,,,,,,,,,,,,,,,,,,,
NK-B8nuXxULCpfDFQ7dV2opmb,JSC “Region”,Organization,,7704095273,,,,,,,,,,,,,,,,,,,,,,,,
NK-YFoEUjid9yVwyByL9LBSJb,JSC VOENTORG,Company,,7704726183,,,,,,,,,,,,,,,,,,,,,,,,
NK-gj5aqiZbyxy5LVXHk6Hygt,JSC Uralcryomash,Company,,6667002727,,,,,,,,,,,,,,,,,,,,,,,,
